,loss,class_loss,view_loss,class_accuracy,class_precision,class_recall,class_auc,view_accuracy,view_precision,view_recall,view_auc,val_loss,val_class_loss,val_view_loss,val_class_accuracy,val_class_precision,val_class_recall,val_class_auc,val_view_accuracy,val_view_precision,val_view_recall,val_view_auc,lr
0,4.391364097595215,1.3936033248901367,2.9977612495422363,0.9383808970451355,0.7080491185188293,0.6531040072441101,0.9227370023727417,0.9819422960281372,0.44388043880462646,0.33011746406555176,0.8632664084434509,4.342931747436523,1.3399972915649414,3.002931833267212,0.926117479801178,0.6540356278419495,0.5544688701629639,0.9147921204566956,0.9807937741279602,0.3724552392959595,0.2224908471107483,0.8681631088256836,0.0010000000474974513
1,2.8281383514404297,0.8644735217094421,1.9636644124984741,0.9513662457466125,0.7762206196784973,0.7217318415641785,0.9578209519386292,0.9850144386291504,0.566006600856781,0.43253466486930847,0.9304897785186768,3.9286515712738037,1.31845223903656,2.610201835632324,0.9257773756980896,0.652971625328064,0.5501465201377869,0.9169484972953796,0.9817825555801392,0.42546820640563965,0.2654578685760498,0.8952257633209229,0.0010000000474974513
2,2.329646587371826,0.7037609815597534,1.625885009765625,0.9595208764076233,0.820652186870575,0.7616645693778992,0.9686739444732666,0.9865629076957703,0.6246619820594788,0.4854981005191803,0.9534323215484619,3.4908535480499268,1.2423195838928223,2.248532295227051,0.9332408905029297,0.6925035119056702,0.597912073135376,0.9244205951690674,0.983255922794342,0.496277779340744,0.30523809790611267,0.9203796982765198,0.0010000000474974513
3,2.1435317993164062,0.6977767944335938,1.4457546472549438,0.9598572850227356,0.8224637508392334,0.7633459568023682,0.969441294670105,0.9877471923828125,0.6671974658966064,0.5283732414245605,0.9566178321838379,3.540030002593994,1.2715120315551758,2.2685153484344482,0.929347813129425,0.671240508556366,0.5752014517784119,0.9210617542266846,0.9830805063247681,0.48802828788757324,0.30835163593292236,0.9185253977775574,0.0010000000474974513
4,2.030088424682617,0.6199684739112854,1.4101203680038452,0.9614964723587036,0.8311452865600586,0.7717528343200684,0.9753560423851013,0.9880274534225464,0.6735751032829285,0.5464481115341187,0.9580771923065186,3.273566246032715,1.1308534145355225,2.1427106857299805,0.9344474673271179,0.7012325525283813,0.6001831293106079,0.9333421587944031,0.9836889505386353,0.5164247751235962,0.3363003730773926,0.9267702698707581,0.0010000000474974513
5,1.838791012763977,0.5616371035575867,1.277153491973877,0.9650277495384216,0.8467054963111877,0.7940310835838318,0.9791181087493896,0.9890008568763733,0.7077555060386658,0.5792349576950073,0.9663459062576294,3.5377120971679688,1.2718695402145386,2.265841484069824,0.927222728729248,0.658532440662384,0.5654212236404419,0.9229340553283691,0.9832925796508789,0.4981333613395691,0.3176923096179962,0.9175455570220947,0.0010000000474974513
6,1.8729623556137085,0.6183910369873047,1.2545702457427979,0.9617905020713806,0.8322784900665283,0.7738545536994934,0.97620689868927,0.9887841939926147,0.6992827653884888,0.5737704634666443,0.9679207801818848,3.2307777404785156,1.187005877494812,2.0437734127044678,0.9284401535987854,0.6694308519363403,0.5618314743041992,0.9289079904556274,0.9839661121368408,0.5297046899795532,0.33901098370552063,0.934610903263092,0.0010000000474974513
7,1.7422181367874146,0.5353838205337524,1.206834316253662,0.9672134518623352,0.8625850081443787,0.7994955778121948,0.9806772470474243,0.9895614981651306,0.7282999753952026,0.5960487723350525,0.9696735143661499,3.2148334980010986,1.1070506572723389,2.107783794403076,0.9344146251678467,0.7031527161598206,0.5955677628517151,0.9354907274246216,0.9837190508842468,0.5178481340408325,0.33743590116500854,0.9292005300521851,0.0010000000474974513
8,1.6972965002059937,0.5209066271781921,1.1763906478881836,0.9674232602119446,0.8625677824020386,0.8020176291465759,0.9810802340507507,0.9896596670150757,0.726998507976532,0.6078184247016907,0.970422089099884,3.1579527854919434,1.08220636844635,2.0757431983947754,0.9346118569374084,0.7043203711509705,0.5965567827224731,0.9380752444267273,0.9836273789405823,0.5134907960891724,0.33600732684135437,0.9330006837844849,0.0010000000474974513
9,1.647316575050354,0.5464639663696289,1.100852608680725,0.9669191241264343,0.8595302700996399,0.7999159097671509,0.9795330762863159,0.9899399280548096,0.7387341856956482,0.6132829189300537,0.9754321575164795,3.069981098175049,1.1165956258773804,1.9533836841583252,0.933992862701416,0.7027263045310974,0.5891575217247009,0.9350637197494507,0.9842286705970764,0.5411520600318909,0.3530769348144531,0.9388861060142517,0.0010000000474974513
10,1.6004607677459717,0.5360385179519653,1.064422607421875,0.9675076603889465,0.8565719127655029,0.810844898223877,0.9786868095397949,0.9902410507202148,0.7484878897666931,0.624211847782135,0.9773777723312378,3.05729603767395,1.1275792121887207,1.929714560508728,0.9351620674133301,0.7068304419517517,0.6008058786392212,0.9342761635780334,0.9845063090324402,0.5525826215744019,0.3699267506599426,0.9407669901847839,0.0010000000474974513
11,1.512110948562622,0.45519182085990906,1.0569195747375488,0.9701133370399475,0.8723214268684387,0.8213534951210022,0.9855378270149231,0.989946722984314,0.7352941036224365,0.6200084090232849,0.9759604334831238,2.9853718280792236,1.047218680381775,1.9381548166275024,0.9364292621612549,0.7150084376335144,0.6057142615318298,0.9413989782333374,0.9845067858695984,0.5522826313972473,0.37223443388938904,0.9392147660255432,0.0010000000474974513
12,1.5207947492599487,0.49944373965263367,1.0213515758514404,0.9691888093948364,0.8734119534492493,0.809163510799408,0.9826598167419434,0.9910184144973755,0.773021399974823,0.6527953147888184,0.9771165251731873,2.868377923965454,1.0015339851379395,1.866848111152649,0.9391806721687317,0.7334555387496948,0.6154578924179077,0.9452855587005615,0.9846121668815613,0.5577676296234131,0.3704761862754822,0.9435688257217407,0.0010000000474974513
13,1.5043702125549316,0.47810661792755127,1.0262634754180908,0.9693149328231812,0.8692342042922974,0.8158890008926392,0.9841757416725159,0.990703284740448,0.761171817779541,0.6443883776664734,0.9757678508758545,2.984389066696167,1.1093641519546509,1.8750219345092773,0.9339126348495483,0.7023341059684753,0.5885714292526245,0.9353519678115845,0.984546422958374,0.5545309782028198,0.37007325887680054,0.9437044858932495,0.0010000000474974513
14,1.4522740840911865,0.491120308637619,0.9611538052558899,0.967675507068634,0.8596961498260498,0.8087431788444519,0.9834614992141724,0.9908154010772705,0.7694247961044312,0.6410256624221802,0.9822514653205872,2.9502217769622803,1.125571370124817,1.8246498107910156,0.9332939982414246,0.6971156001091003,0.5887179374694824,0.9346999526023865,0.9849441051483154,0.5728321671485901,0.3801465332508087,0.9466991424560547,0.0010000000474974513
15,1.460070013999939,0.4599263072013855,1.0001434087753296,0.9709121584892273,0.8750555515289307,0.8272383213043213,0.985404908657074,0.9907176494598389,0.7601184844970703,0.6473308205604553,0.9772419929504395,2.978520393371582,1.0831785202026367,1.8953412771224976,0.9362452626228333,0.7157747745513916,0.601172149181366,0.937241792678833,0.9846181869506836,0.5576291680335999,0.3732234537601471,0.9424113631248474,0.0010000000474974513
16,1.358688235282898,0.4539368152618408,0.9047514796257019,0.97154301404953,0.8854166865348816,0.8217738270759583,0.9860804677009583,0.9912360906600952,0.7781065106391907,0.6633039116859436,0.9826029539108276,2.8966517448425293,1.1476680040359497,1.7489848136901855,0.9335973858833313,0.6974851489067078,0.5932967066764832,0.9332465529441833,0.9852322340011597,0.5843001008033752,0.39479854702949524,0.9513064622879028,0.0010000000474974513
17,1.3870832920074463,0.44107329845428467,0.946009635925293,0.972005307674408,0.8821954727172852,0.8310214281082153,0.9869723916053772,0.9912147521972656,0.7769571542739868,0.6633039116859436,0.9793494343757629,2.6924431324005127,0.9672350883483887,1.7252079248428345,0.9405280351638794,0.7436575293540955,0.618461549282074,0.9481102228164673,0.9854668378829956,0.5945740938186646,0.40219780802726746,0.9525355100631714,0.0010000000474974513
18,1.3437213897705078,0.4480092227458954,0.8957122564315796,0.9719632267951965,0.883512556552887,0.8289197087287903,0.9848692417144775,0.9914320707321167,0.7811284065246582,0.6750735640525818,0.9823244214057922,2.776592493057251,0.9810174703598022,1.795569658279419,0.9410032629966736,0.745654821395874,0.6223077178001404,0.9463668465614319,0.9850276708602905,0.5746477246284485,0.39139193296432495,0.9490055441856384,0.0010000000474974513
19,1.2398077249526978,0.4042004644870758,0.8356074690818787,0.9744850993156433,0.8937777876853943,0.8453131318092346,0.9886305928230286,0.9919012784957886,0.7961258888244629,0.6910466551780701,0.984551191329956,2.7352113723754883,0.978270947933197,1.7569419145584106,0.9408897757530212,0.7442135214805603,0.6230403184890747,0.9466399550437927,0.98507159948349,0.5770646333694458,0.39058607816696167,0.9505671262741089,0.0010000000474974513
20,1.2271778583526611,0.4073539674282074,0.8198239207267761,0.9735181927680969,0.8860927224159241,0.8436318039894104,0.9883773922920227,0.9923285841941833,0.8119533658027649,0.7023959755897522,0.9843841791152954,2.8687009811401367,1.0571565628051758,1.8115441799163818,0.9361530542373657,0.7148641347885132,0.6014285683631897,0.9403517842292786,0.9849168658256531,0.5703824162483215,0.3851648271083832,0.9472104907035828,0.0010000000474974513
21,1.2879352569580078,0.4402306377887726,0.8477051258087158,0.9731820821762085,0.8853474855422974,0.8406893610954285,0.9849305748939514,0.9920693039894104,0.804294764995575,0.6927280426025391,0.9831178784370422,2.725423812866211,0.9981414675712585,1.7272818088531494,0.9391652345657349,0.7342886924743652,0.6137362718582153,0.945344090461731,0.9854041337966919,0.5926350951194763,0.3973259925842285,0.9534621238708496,9.999999747378752e-05
22,1.0896464586257935,0.3451966345310211,0.7444498538970947,0.9775535464286804,0.9072847962379456,0.8638083338737488,0.9906336069107056,0.9926367998123169,0.8204632997512817,0.7145859599113464,0.9894310235977173,2.7070584297180176,0.9940656423568726,1.7129919528961182,0.9393815398216248,0.7342572212219238,0.6171795129776001,0.9458670020103455,0.9852655529975891,0.5861881375312805,0.3942490816116333,0.9535202980041504,9.999999747378752e-05
23,1.2793526649475098,0.4217574894428253,0.8575952649116516,0.9733504056930542,0.8942611813545227,0.8318621516227722,0.987242579460144,0.992195725440979,0.8142076730728149,0.688944935798645,0.9844291806221008,2.7198476791381836,0.9949299693107605,1.7249174118041992,0.9390594363212585,0.7332137823104858,0.6139926910400391,0.9454115033149719,0.9853398203849792,0.5893712043762207,0.3968864381313324,0.952402651309967,9.999999747378752e-05
24,1.1937302350997925,0.4199974834918976,0.7737328410148621,0.9744433164596558,0.8983355760574341,0.8394283056259155,0.9881851673126221,0.9923915266990662,0.8158280253410339,0.7019756436347961,0.9867605566978455,2.7053167819976807,0.9975570440292358,1.7077544927597046,0.9395731687545776,0.7360692024230957,0.6169230937957764,0.9450877904891968,0.9853709936141968,0.590827465057373,0.3978022038936615,0.953781247138977,9.999999747378752e-05
25,1.1627953052520752,0.413913756608963,0.7488811612129211,0.973854660987854,0.8920124769210815,0.8402690291404724,0.9884438514709473,0.9925877451896667,0.8242513537406921,0.7057587504386902,0.9882267117500305,2.661189556121826,0.9817711114883423,1.6794151067733765,0.9393671751022339,0.7346199154853821,0.6163003444671631,0.9468187093734741,0.985546886920929,0.5982118844985962,0.40439561009407043,0.9553205966949463,9.999999747378752e-05
26,1.1073286533355713,0.38836753368377686,0.7189614772796631,0.9745693802833557,0.8956289291381836,0.8440521359443665,0.9892577528953552,0.9929311871528625,0.8293269276618958,0.7250945568084717,0.989838719367981,2.6719470024108887,0.9772859215736389,1.6946574449539185,0.9395531415939331,0.7370685935020447,0.6148717999458313,0.9468940496444702,0.9855301380157471,0.597697377204895,0.40315017104148865,0.9542645812034607,9.999999747378752e-05
27,1.1218266487121582,0.3835684359073639,0.7382580637931824,0.9752839207649231,0.8999553322792053,0.8469945192337036,0.9898679256439209,0.9926511645317078,0.8228155374526978,0.7124842405319214,0.9873085021972656,2.596500873565674,0.9502438902854919,1.646255612373352,0.9414942264556885,0.7471851110458374,0.6271428465843201,0.9493584036827087,0.9857968688011169,0.6096910834312439,0.4106593430042267,0.9570919871330261,9.999999747378752e-05
28,1.1455657482147217,0.390045166015625,0.7555210590362549,0.9745272994041443,0.8945260643959045,0.8448927998542786,0.9885053038597107,0.9927910566329956,0.829912006855011,0.7137452960014343,0.9879783987998962,2.617860794067383,0.9592089653015137,1.6586521863937378,0.9405975937843323,0.7422937154769897,0.6218681335449219,0.9489953517913818,0.9856709837913513,0.6052009463310242,0.40322345495224,0.9565877914428711,9.999999747378752e-05
29,1.126183032989502,0.3704914152622223,0.7556915283203125,0.9759984016418457,0.9046553373336792,0.8495166301727295,0.9905284643173218,0.992405354976654,0.8129531145095825,0.7070197463035583,0.9885942339897156,2.6181581020355225,0.9638121128082275,1.6543492078781128,0.940649151802063,0.7430035471916199,0.6214285492897034,0.9484227895736694,0.9855630397796631,0.5998578071594238,0.4017948806285858,0.9572319984436035,9.999999747378752e-05
30,1.1782971620559692,0.41392001509666443,0.7643768191337585,0.973980724811554,0.89497309923172,0.8381673097610474,0.9872521162033081,0.9925041198730469,0.8191125988960266,0.7061790823936462,0.9882121682167053,2.623121738433838,0.9702015519142151,1.6529192924499512,0.9405646324157715,0.7425317764282227,0.6209523677825928,0.9478639364242554,0.9857507944107056,0.6079725027084351,0.40838828682899475,0.956243097782135,9.999999747378752e-05
31,1.1555038690567017,0.37579745054244995,0.7797067761421204,0.9756202101707458,0.8992454409599304,0.8516183495521545,0.990522027015686,0.9924690127372742,0.8189823627471924,0.7036569714546204,0.9868646860122681,2.626887559890747,0.9597852230072021,1.6671007871627808,0.9409114122390747,0.7440244555473328,0.6236996054649353,0.9486925005912781,0.9855404496192932,0.5989381074905396,0.40080586075782776,0.9559382796287537,9.999999747378752e-05
32,1.150322437286377,0.3981621563434601,0.752159833908081,0.9751576781272888,0.896628201007843,0.8495166301727295,0.9891356229782104,0.9925457835197449,0.8190199136734009,0.7095417976379395,0.9886108636856079,2.6370129585266113,0.9647632837295532,1.6722447872161865,0.9408579468727112,0.7437286972999573,0.6233699917793274,0.9483866691589355,0.9855333566665649,0.5987938642501831,0.40007326006889343,0.9554481506347656,9.999999747378752e-05
33,1.0810624361038208,0.34887009859085083,0.7321920394897461,0.9773855209350586,0.9082040190696716,0.8608658909797668,0.9918239116668701,0.992896318435669,0.8337408304214478,0.7166876792907715,0.9899603724479675,2.6205391883850098,0.9772319197654724,1.6433078050613403,0.9405755400657654,0.7424169182777405,0.6213186979293823,0.9470840096473694,0.9858202338218689,0.6117298603057861,0.40842491388320923,0.956792950630188,9.999999747378752e-05
34,1.0885709524154663,0.3681834042072296,0.7203876972198486,0.9772593975067139,0.9080817103385925,0.8596048951148987,0.9897202253341675,0.9928188323974609,0.8280038833618164,0.7183690667152405,0.9908961653709412,2.6356890201568604,0.9649330973625183,1.6707583665847778,0.9399369955062866,0.7400801777839661,0.6155677437782288,0.9485985636711121,0.9856289625167847,0.6027330160140991,0.40391942858695984,0.9555193185806274,9.999999747378752e-05
35,1.110389232635498,0.37120378017425537,0.7391854524612427,0.9761662483215332,0.9030249118804932,0.8532996773719788,0.9909272789955139,0.9925318956375122,0.8182258605957031,0.7095417976379395,0.9885310530662537,2.6658060550689697,0.969099223613739,1.6967090368270874,0.9403625726699829,0.7405160069465637,0.6213552951812744,0.947887122631073,0.9853779077529907,0.5920386910438538,0.3944322466850281,0.9548872709274292,9.999999747378752e-05
36,1.101934552192688,0.3672594428062439,0.734675407409668,0.9765869379043579,0.9013215899467468,0.8600252270698547,0.9897797107696533,0.9926929473876953,0.8245869874954224,0.7133249044418335,0.988384485244751,2.6149609088897705,0.9590660929679871,1.655897617340088,0.9414327144622803,0.7482333183288574,0.6244322061538696,0.9487913250923157,0.98574298620224,0.6074384450912476,0.4086080491542816,0.9565283060073853,9.999999747378752e-05
37,1.1537967920303345,0.39312905073165894,0.7606678009033203,0.9744852185249329,0.8951828479766846,0.8436318039894104,0.9892719984054565,0.992209792137146,0.8082724809646606,0.6981925368309021,0.9885320067405701,2.6150076389312744,0.9868989586830139,1.6281083822250366,0.9394612908363342,0.736301839351654,0.6147985458374023,0.9464855790138245,0.9857234358787537,0.6070764660835266,0.4066300392150879,0.9585047364234924,9.999999747378752e-05
38,1.0880844593048096,0.36853668093681335,0.719547688961029,0.9769648909568787,0.9077950716018677,0.8566624522209167,0.9901192784309387,0.9929940104484558,0.8365055918693542,0.7204707860946655,0.9907050728797913,2.610004186630249,0.9619079232215881,1.6480958461761475,0.9405712485313416,0.7431507110595703,0.6200000047683716,0.9483435750007629,0.9856468439102173,0.6038811802864075,0.4035164713859558,0.9571971893310547,9.999999747378752e-05
39,1.1257548332214355,0.38585779070854187,0.7398969531059265,0.9748213887214661,0.9005400538444519,0.8411096930503845,0.9905075430870056,0.9926722645759583,0.8230732083320618,0.7137452960014343,0.9892723560333252,2.605419158935547,0.962403416633606,1.6430168151855469,0.9401805996894836,0.7407911419868469,0.6180586218833923,0.9485561847686768,0.9857619404792786,0.6092762351036072,0.4061172306537628,0.9568594694137573,9.999999747378752e-05
40,1.127132534980774,0.3813571333885193,0.7457749247550964,0.974358856678009,0.8946898579597473,0.8427910804748535,0.9899028539657593,0.9929102659225464,0.8342298269271851,0.7171080112457275,0.9887750148773193,2.64041805267334,0.9832581281661987,1.657160997390747,0.9404168725013733,0.7409380674362183,0.6214652061462402,0.946600615978241,0.9855559468269348,0.5990206599235535,0.40329670906066895,0.9567266702651978,9.999999747378752e-05
41,1.1294273138046265,0.37295621633529663,0.7564715147018433,0.9762085676193237,0.9063200354576111,0.8499369621276855,0.9903779029846191,0.9923079013824463,0.8116788268089294,0.7011349201202393,0.988797128200531,2.6164965629577637,0.990024209022522,1.6264722347259521,0.9393012523651123,0.735460638999939,0.6137728691101074,0.9459584355354309,0.9858004450798035,0.6114727258682251,0.40608057379722595,0.9579477310180664,9.999999747378752e-05
42,1.061488389968872,0.3566037714481354,0.7048842906951904,0.976292610168457,0.9020823836326599,0.8558217883110046,0.9918047785758972,0.9927417635917664,0.8258126974105835,0.7154266238212585,0.989732027053833,2.595397472381592,0.9590350985527039,1.636361837387085,0.9408601522445679,0.7446593642234802,0.621831476688385,0.9489300847053528,0.9857884645462036,0.6086603999137878,0.41241759061813354,0.9579126238822937,9.999999747378752e-05
43,1.1380505561828613,0.37086647748947144,0.7671840786933899,0.9770075678825378,0.9103942513465881,0.8541404008865356,0.990149736404419,0.9925389885902405,0.821743369102478,0.7053383588790894,0.9866023063659668,2.633470296859741,0.9753894209861755,1.6580830812454224,0.9396042227745056,0.7377727031707764,0.6144322156906128,0.9476673007011414,0.9856362342834473,0.6030158996582031,0.404285728931427,0.956081211566925,9.999999747378752e-05
44,1.1522730588912964,0.38266485929489136,0.769608199596405,0.9758723378181458,0.9027220010757446,0.8503572940826416,0.9902961254119873,0.9924895167350769,0.8227160573005676,0.7002942562103271,0.9874037504196167,2.5783450603485107,0.956373929977417,1.6219736337661743,0.9403966069221497,0.7412495613098145,0.620586097240448,0.94945228099823,0.9858542680740356,0.6117608547210693,0.4138461649417877,0.958997905254364,9.999999747378752e-05
45,1.1406619548797607,0.39658069610595703,0.744081437587738,0.9754939079284668,0.8984028100967407,0.8511979579925537,0.9876958131790161,0.9927420616149902,0.8296514749526978,0.7103825211524963,0.9888696670532227,2.5825870037078857,0.943398654460907,1.6391868591308594,0.9415448307991028,0.7500220537185669,0.6231501698493958,0.9499710202217102,0.9856840968132019,0.6059088706970215,0.4034065902233124,0.9569934010505676,9.999999747378752e-05
46,1.1003444194793701,0.369066059589386,0.7312787771224976,0.9775119423866272,0.9130824208259583,0.8566624522209167,0.9904443621635437,0.9928258061408997,0.8274528980255127,0.7196301221847534,0.9887961149215698,2.6725881099700928,0.9798564910888672,1.6927305459976196,0.9391304850578308,0.7329582571983337,0.6156044006347656,0.9470802545547485,0.9853529930114746,0.5910993814468384,0.39311355352401733,0.9549350142478943,9.999999747378752e-05
47,1.1028153896331787,0.3725939095020294,0.7302214503288269,0.9754522442817688,0.9004908800125122,0.8482555747032166,0.9905292987823486,0.9924826622009277,0.8166828155517578,0.7078604698181152,0.9904014468193054,2.6420984268188477,0.9785605072975159,1.6635404825210571,0.9394944310188293,0.7364059090614319,0.615128219127655,0.9472294449806213,0.9854607582092285,0.5954324007034302,0.3982417583465576,0.956635057926178,9.999999747378752e-05
48,1.0746525526046753,0.3599197566509247,0.7147330045700073,0.977932333946228,0.9112688302993774,0.8633880019187927,0.9903857111930847,0.9928888082504272,0.8304263353347778,0.7204707860946655,0.9899598956108093,2.6238338947296143,0.970975935459137,1.652862310409546,0.9401144981384277,0.7398484349250793,0.6186813116073608,0.9476029872894287,0.9855934977531433,0.6018151640892029,0.4007692337036133,0.9571853280067444,9.999999747378752e-05
49,1.0886695384979248,0.39516282081604004,0.6935067176818848,0.975242018699646,0.898841381072998,0.8478352427482605,0.9891072511672974,0.9933091998100281,0.8483365774154663,0.7288776636123657,0.9909443259239197,2.616633176803589,0.9557111263275146,1.6609222888946533,0.9409095048904419,0.7450627684593201,0.6218681335449219,0.9488951563835144,0.9855701327323914,0.6006927490234375,0.40021976828575134,0.9568353891372681,9.999999747378752e-05
50,1.0585341453552246,0.36969754099845886,0.6888366937637329,0.975788414478302,0.8980132341384888,0.8549810647964478,0.9907810091972351,0.9934073686599731,0.850389838218689,0.7335014939308167,0.9915369749069214,2.60764217376709,0.954998254776001,1.6526422500610352,0.9415574073791504,0.748325526714325,0.626153826713562,0.9487965703010559,0.9856444597244263,0.6047257781028748,0.4002930521965027,0.9575508832931519,9.999999747378752e-05
51,1.0371947288513184,0.36893004179000854,0.6682646870613098,0.976040244102478,0.9014647006988525,0.8537200689315796,0.9899040460586548,0.9933375120162964,0.8486328125,0.7305590510368347,0.9913985729217529,2.621248245239258,0.9672061800956726,1.6540426015853882,0.9403228163719177,0.740454375743866,0.6208425164222717,0.9475793242454529,0.9856768250465393,0.6051161289215088,0.40465202927589417,0.9566192626953125,9.999999747378752e-06
52,1.0806466341018677,0.3629385530948639,0.7177084684371948,0.9762085676193237,0.9037861824035645,0.8528793454170227,0.9911404848098755,0.9927697777748108,0.8303089737892151,0.7116435766220093,0.9905668497085571,2.5954201221466064,0.9500168561935425,1.645403265953064,0.9415469765663147,0.7479234337806702,0.6266666650772095,0.9491993188858032,0.9857752919197083,0.6101956367492676,0.4055677652359009,0.9575610160827637,9.999999747378752e-06
53,1.0757575035095215,0.3891611397266388,0.6865959763526917,0.9765027761459351,0.90625,0.8532996773719788,0.9892578721046448,0.9933514595031738,0.8494623899459839,0.7305590510368347,0.9897025227546692,2.576946496963501,0.9451014995574951,1.6318438053131104,0.9414430856704712,0.7480705380439758,0.6248717904090881,0.9496809244155884,0.9857799410820007,0.6090696454048157,0.4098168611526489,0.957848846912384,9.999999747378752e-06
54,1.0357056856155396,0.34372279047966003,0.6919832229614258,0.9779320955276489,0.9101769924163818,0.8646489977836609,0.9913942217826843,0.9931414723396301,0.8441494703292847,0.7217318415641785,0.9909816384315491,2.6399240493774414,0.9797894358634949,1.660136103630066,0.9394437670707703,0.7371179461479187,0.61307692527771,0.9469888806343079,0.9856470823287964,0.6033937335014343,0.4050915837287903,0.9565469026565552,9.999999747378752e-06
55,1.1126465797424316,0.3822764456272125,0.7303704023361206,0.9752416610717773,0.8991971611976624,0.8474148511886597,0.9899463653564453,0.9928050637245178,0.8346534371376038,0.7087011337280273,0.9890271425247192,2.5945684909820557,0.9596920609474182,1.6348730325698853,0.9410919547080994,0.7446567416191101,0.6253479719161987,0.9487498998641968,0.9858387112617493,0.6122147440910339,0.40978023409843445,0.9582353830337524,9.999999747378752e-06
56,1.1310670375823975,0.3918624818325043,0.7392043471336365,0.9747371673583984,0.8979409337043762,0.8432114124298096,0.9885032176971436,0.9928050637245178,0.828474223613739,0.7166876792907715,0.9889525771141052,2.6040775775909424,0.9629923105239868,1.6410847902297974,0.9411100149154663,0.7442650198936462,0.6263003945350647,0.9484432339668274,0.985730767250061,0.6068124771118164,0.4084981679916382,0.9578218460083008,9.999999747378752e-06
57,1.0898596048355103,0.38703224062919617,0.7028273940086365,0.9736859798431396,0.8893824815750122,0.8415300250053406,0.9901196956634521,0.9930431842803955,0.8377193212509155,0.7225725054740906,0.9908757209777832,2.637442111968994,0.9782355427742004,1.6592087745666504,0.9400140047073364,0.7400668263435364,0.6167765855789185,0.9466157555580139,0.9856505990028381,0.6036149263381958,0.4049084186553955,0.9568262696266174,9.999999747378752e-06
58,1.1071726083755493,0.378113716840744,0.7290589809417725,0.9768388867378235,0.904424786567688,0.8591845035552979,0.9883425831794739,0.992525041103363,0.8209393620491028,0.7053383588790894,0.9920443296432495,2.5949487686157227,0.9529666304588318,1.641983151435852,0.9405050277709961,0.7423511743545532,0.6203662753105164,0.9490847587585449,0.9856628179550171,0.604081392288208,0.4055311381816864,0.9569637775421143,9.999999747378752e-06
59,1.1023085117340088,0.39375510811805725,0.7085530757904053,0.9742330312728882,0.8920959234237671,0.8444724678993225,0.988839328289032,0.9928118586540222,0.8288770318031311,0.7166876792907715,0.9906461238861084,2.588439702987671,0.9479963183403015,1.6404434442520142,0.941575288772583,0.748685359954834,0.6258241534233093,0.9498724341392517,0.9857925772666931,0.6111847162246704,0.4055311381816864,0.9569728970527649,9.999999747378752e-06
60,1.070173978805542,0.3605673313140869,0.7096070051193237,0.977721631526947,0.908889889717102,0.8638083338737488,0.9905304312705994,0.9930292963981628,0.83559650182724,0.7242538928985596,0.9893885850906372,2.589024782180786,0.9481788277626038,1.64084792137146,0.9417470097541809,0.7505385875701904,0.6253113746643066,0.9497251510620117,0.9857334494590759,0.6076767444610596,0.40652015805244446,0.9574377536773682,9.999999747378752e-06
61,1.1157629489898682,0.35668542981147766,0.7590779066085815,0.9766709804534912,0.9049733281135559,0.8566624522209167,0.9915499091148376,0.9925670027732849,0.8199028968811035,0.7099621891975403,0.9888976216316223,2.6187732219696045,0.9782214164733887,1.6405521631240845,0.9396306872367859,0.7371235489845276,0.6159706711769104,0.94704669713974,0.9857374429702759,0.6078474521636963,0.4063003659248352,0.9576127529144287,9.999999747378752e-06
62,1.1584943532943726,0.38726770877838135,0.7712270617485046,0.9757885336875916,0.9033557176589966,0.8486759066581726,0.9887749552726746,0.9926297068595886,0.8231855630874634,0.7103825211524963,0.9879674315452576,2.5826613903045654,0.951598048210144,1.6310656070709229,0.9410255551338196,0.7444347739219666,0.6247252821922302,0.9492906928062439,0.9857147336006165,0.6067538857460022,0.40608057379722595,0.9592598080635071,9.999999747378752e-06
63,1.125315546989441,0.36937275528907776,0.7559425234794617,0.9753679633140564,0.9004019498825073,0.8474148511886597,0.9913520216941833,0.9926090836524963,0.8201160430908203,0.7129045724868774,0.9882798194885254,2.615058660507202,0.9633938074111938,1.6516636610031128,0.9406219124794006,0.7437148094177246,0.6198168396949768,0.9481274485588074,0.9856491684913635,0.6040570139884949,0.40358975529670715,0.9574535489082336,9.999999747378752e-06
64,1.075792908668518,0.36473897099494934,0.7110538482666016,0.977301299571991,0.9084851145744324,0.8596048951148987,0.9899159669876099,0.9930152297019958,0.8364167213439941,0.7221521735191345,0.9882553219795227,2.5948243141174316,0.9566253423690796,1.638198971748352,0.9403486847877502,0.7407229542732239,0.620769202709198,0.9488950371742249,0.9857472777366638,0.6088441014289856,0.40498167276382446,0.9570872783660889,9.999999747378752e-06
65,1.0717644691467285,0.3710039258003235,0.7007608413696289,0.9778059720993042,0.9104213118553162,0.8629676103591919,0.9890680313110352,0.9930150508880615,0.8357628583908081,0.7229928374290466,0.9903634786605835,2.5794811248779297,0.9539051651954651,1.6255741119384766,0.9409014582633972,0.7439908981323242,0.6235897541046143,0.9487590193748474,0.9858145713806152,0.6111354231834412,0.40930402278900146,0.9583809971809387,9.999999747378752e-06
66,1.0900694131851196,0.37781795859336853,0.7122513055801392,0.9757461547851562,0.9011576175689697,0.8507776260375977,0.9896538853645325,0.9931412935256958,0.8391472697257996,0.7280369997024536,0.9900411367416382,2.574434280395508,0.9447234869003296,1.6297106742858887,0.9410622715950012,0.7456393837928772,0.6232234239578247,0.9499756097793579,0.9857866764068604,0.611382007598877,0.4041391909122467,0.9582102298736572,9.999999747378752e-06
67,1.1159173250198364,0.3671000003814697,0.7488173246383667,0.9777640104293823,0.9155435562133789,0.8566624522209167,0.9897180795669556,0.9928118586540222,0.8311306834220886,0.7137452960014343,0.9896557927131653,2.6021831035614014,0.9523598551750183,1.649823546409607,0.9415579438209534,0.748347282409668,0.6261172294616699,0.9493806958198547,0.9856908917427063,0.6062658429145813,0.4033333361148834,0.9571277499198914,9.999999747378752e-06
68,1.0605295896530151,0.36923158168792725,0.6912981867790222,0.9779738783836365,0.9116733074188232,0.8633880019187927,0.9907044768333435,0.9931133389472961,0.838506281375885,0.7267759442329407,0.9899863004684448,2.5890660285949707,0.9524242281913757,1.6366459131240845,0.9410480260848999,0.7455517649650574,0.6231501698493958,0.9488895535469055,0.9857305884361267,0.6076303124427795,0.4060439467430115,0.9579358696937561,9.999999747378752e-06
69,1.0588648319244385,0.36134299635887146,0.6975218653678894,0.9761667847633362,0.9030249118804932,0.8532996773719788,0.99106365442276,0.9930782914161682,0.8358281254768372,0.7276166677474976,0.9917742013931274,2.6015987396240234,0.9581596851348877,1.6434447765350342,0.9405243992805481,0.7443781495094299,0.6171795129776001,0.9485340118408203,0.9857229590415955,0.6066252589225769,0.4078388214111328,0.9573459029197693,9.999999747378752e-06
70,1.0857046842575073,0.3859909474849701,0.6997135281562805,0.9759141206741333,0.9006211161613464,0.8532996773719788,0.9886948466300964,0.9929311871528625,0.8302796483039856,0.7238335609436035,0.9913693070411682,2.573305368423462,0.9586800932884216,1.6146254539489746,0.9407918453216553,0.7440178990364075,0.6218681335449219,0.9485617280006409,0.985820472240448,0.6113966703414917,0.4095238149166107,0.9588671326637268,9.999999747378752e-06
71,1.069050669670105,0.35598844289779663,0.713062047958374,0.9765448570251465,0.904127836227417,0.8562421202659607,0.9901089072227478,0.9929097890853882,0.8345569968223572,0.7166876792907715,0.989992082118988,2.5825929641723633,0.9556934833526611,1.6269010305404663,0.9403403997421265,0.7415873408317566,0.6191574931144714,0.9491984844207764,0.9857947826385498,0.6105991005897522,0.4076923131942749,0.958324134349823,9.999999747378752e-06
72,1.0378445386886597,0.3500702977180481,0.6877745985984802,0.9770492315292358,0.9119101166725159,0.8528793454170227,0.9916878938674927,0.993064284324646,0.8346987962722778,0.7280369997024536,0.9903440475463867,2.589975595474243,0.9676781892776489,1.6222939491271973,0.9404658079147339,0.7427165508270264,0.6191208958625793,0.9482205510139465,0.9857670664787292,0.6089333295822144,0.4079853594303131,0.9579111933708191,9.999999747378752e-06
73,1.1042691469192505,0.40010011196136475,0.7041685581207275,0.9752418398857117,0.898841381072998,0.8478352427482605,0.9888274073600769,0.9926719665527344,0.8259168863296509,0.7099621891975403,0.9910557866096497,2.5796024799346924,0.9576947689056396,1.6219053268432617,0.9411097168922424,0.7451614141464233,0.6247618794441223,0.9489014148712158,0.9859020709991455,0.6152791976928711,0.4112454354763031,0.9579340815544128,9.999999747378752e-06
74,1.144338607788086,0.4088299870491028,0.735508382320404,0.9737708568572998,0.8901734352111816,0.8415300250053406,0.9872980713844299,0.992749035358429,0.8290891051292419,0.7116435766220093,0.9890228509902954,2.6054012775421143,0.9653856754302979,1.6400154829025269,0.9401623606681824,0.7404385805130005,0.618388295173645,0.9480866193771362,0.9858410358428955,0.6116578578948975,0.4120512902736664,0.9565109014511108,9.999999747378752e-06
75,1.1058529615402222,0.3962176442146301,0.7096346020698547,0.9757463335990906,0.9011576175689697,0.8507776260375977,0.9880649447441101,0.9930573105812073,0.8401960730552673,0.7204707860946655,0.9906222820281982,2.593867301940918,0.9616553783416748,1.6322144269943237,0.9395209550857544,0.7363417148590088,0.6156409978866577,0.9485410451889038,0.9858523607254028,0.6132396459579468,0.4092307686805725,0.9575716853141785,9.999999747378752e-06
76,1.0677659511566162,0.352657675743103,0.7151077389717102,0.9782680869102478,0.9152542352676392,0.8625472784042358,0.991108238697052,0.9929594397544861,0.8306063413619995,0.7255149483680725,0.9891339540481567,2.587498664855957,0.9511403441429138,1.636357307434082,0.9407031536102295,0.7433213591575623,0.621721625328064,0.9497736096382141,0.9857087731361389,0.6070563793182373,0.4039926826953888,0.9588184952735901,9.999999747378752e-06
77,1.104878306388855,0.38099372386932373,0.7238844037055969,0.9757042527198792,0.9021884799003601,0.8490962386131287,0.9894823431968689,0.993014931678772,0.8387255072593689,0.7192097306251526,0.9894341826438904,2.5925002098083496,0.9584507942199707,1.6340482234954834,0.9404141902923584,0.7418987154960632,0.6197435855865479,0.9487053751945496,0.9857497811317444,0.6083433628082275,0.40703296661376953,0.9583752155303955,9.999999747378752e-06
78,1.0567736625671387,0.3732335567474365,0.6835403442382812,0.9765448570251465,0.9062918424606323,0.8537200689315796,0.9902551174163818,0.9929872155189514,0.8357699513435364,0.7208911180496216,0.9913730025291443,2.61393404006958,0.9632654190063477,1.6506696939468384,0.9404443502426147,0.7415445446968079,0.6208058595657349,0.948425829410553,0.9856597185134888,0.6045337319374084,0.40344321727752686,0.957146167755127,9.999999747378752e-06
79,1.126230001449585,0.393374502658844,0.7328560948371887,0.9757041335105896,0.9000444412231445,0.8516183495521545,0.9885463118553162,0.9927770495414734,0.828780472278595,0.7141656279563904,0.9890003800392151,2.6009891033172607,0.9551281929016113,1.6458669900894165,0.94049471616745,0.7416393160820007,0.6214285492897034,0.9490699172019958,0.9856334328651428,0.6027158498764038,0.40483516454696655,0.9579796195030212,9.999999747378752e-06
80,1.0736507177352905,0.3739355504512787,0.6997150182723999,0.9756205081939697,0.8992454409599304,0.8516183495521545,0.9901089668273926,0.9927487373352051,0.823699414730072,0.7187893986701965,0.9899421334266663,2.580660104751587,0.9574095010757446,1.6232502460479736,0.9401139616966248,0.7395965456962585,0.6191208958625793,0.9489991068840027,0.9858101606369019,0.6114040613174438,0.4076923131942749,0.9584742784500122,9.999999747378752e-06
81,1.0391727685928345,0.34071627259254456,0.698456346988678,0.9780578017234802,0.9113867878913879,0.8646489977836609,0.9919875264167786,0.9930428862571716,0.8344594836235046,0.7267759442329407,0.9893718361854553,2.591433525085449,0.957136869430542,1.6342968940734863,0.9413045644760132,0.7467179894447327,0.6250549554824829,0.9487197399139404,0.9857836365699768,0.6098937392234802,0.40780219435691833,0.9578911066055298,9.999999747378752e-06
82,1.059648871421814,0.3751180171966553,0.6845304369926453,0.9760821461677551,0.9051029682159424,0.8499369621276855,0.9888039827346802,0.9933444857597351,0.8440057635307312,0.7368642091751099,0.9904454946517944,2.5852162837982178,0.9466420412063599,1.6385732889175415,0.941384494304657,0.7481549978256226,0.623846173286438,0.9497672915458679,0.9857559204101562,0.609097421169281,0.40564101934432983,0.9575452208518982,9.999999747378752e-06
83,1.1144359111785889,0.37792953848838806,0.7365061044692993,0.9755359888076782,0.8973905444145203,0.8528793454170227,0.9898961186408997,0.9927698969841003,0.8303089737892151,0.7116435766220093,0.9905079007148743,2.5965590476989746,0.9675573110580444,1.6289995908737183,0.9403743743896484,0.7412872314453125,0.6201831698417664,0.9479501247406006,0.9857065677642822,0.6068738102912903,0.40424907207489014,0.9584961533546448,9.999999747378752e-06
84,1.0941404104232788,0.39655065536499023,0.6975899934768677,0.9751997590065002,0.898440957069397,0.8478352427482605,0.9885182976722717,0.992973268032074,0.8339805603027344,0.7221521735191345,0.9909719228744507,2.6109132766723633,0.9660000801086426,1.6449084281921387,0.940311849117279,0.7417087554931641,0.6184981465339661,0.9479658007621765,0.9856457710266113,0.6045253872871399,0.4012454152107239,0.9568551778793335,9.999999747378752e-06
85,1.128645420074463,0.3981528580188751,0.730492889881134,0.9753679633140564,0.9014778137207031,0.8461538553237915,0.988481342792511,0.9930015802383423,0.8379040360450745,0.7192097306251526,0.9886981248855591,2.588930368423462,0.9553271532058716,1.6336021423339844,0.9405871033668518,0.7422175407409668,0.621831476688385,0.9492762684822083,0.9857410192489624,0.6087363958358765,0.404285728931427,0.9576605558395386,9.999999747378752e-06
86,1.1528531312942505,0.3938311040401459,0.7590219974517822,0.9759143590927124,0.9016903638839722,0.8520386815071106,0.9888685345649719,0.9926719665527344,0.8249634504318237,0.7112231850624084,0.987823486328125,2.590000867843628,0.9535664916038513,1.6364346742630005,0.9413049221038818,0.7474326491355896,0.623846173286438,0.9494705200195312,0.9858108758926392,0.6115602254867554,0.40732601284980774,0.9582344889640808,9.999999747378752e-06
87,1.1020581722259521,0.3908582031726837,0.7112005949020386,0.9757881164550781,0.9022757411003113,0.8499369621276855,0.9889974594116211,0.9931410551071167,0.8414633870124817,0.7250945568084717,0.9903919696807861,2.577544927597046,0.9507919549942017,1.6267516613006592,0.9406341314315796,0.7429159283638,0.6213552951812744,0.9493340849876404,0.9858183264732361,0.6116291880607605,0.40842491388320923,0.9577363133430481,9.999999747378752e-06
88,1.108587622642517,0.38451993465423584,0.7240679264068604,0.9763768315315247,0.90288245677948,0.8558217883110046,0.9892905950546265,0.9927138686180115,0.8302910923957825,0.7074400782585144,0.9898294806480408,2.618853807449341,0.9778947830200195,1.6409608125686646,0.9396191835403442,0.7367361187934875,0.6164835095405579,0.9470011591911316,0.9857330322265625,0.608551561832428,0.4035164713859558,0.957306981086731,9.999999747378752e-06
89,1.080538034439087,0.3559781610965729,0.7245596051216125,0.976796567440033,0.9058196544647217,0.8570827841758728,0.9906067252159119,0.9925458431243896,0.8208882212638855,0.7070197463035583,0.9896558523178101,2.6147589683532715,0.9610075950622559,1.6537494659423828,0.9404072761535645,0.7420671582221985,0.6193406581878662,0.9484200477600098,0.985589325428009,0.6019535064697266,0.39956045150756836,0.9577578902244568,9.999999747378752e-06
90,1.0609145164489746,0.36877915263175964,0.6921355128288269,0.9761245250701904,0.8976723551750183,0.8591845035552979,0.9897146224975586,0.9930851459503174,0.8372092843055725,0.7263556122779846,0.990395724773407,2.6064083576202393,0.9663951396942139,1.6400136947631836,0.9404222369194031,0.742516815662384,0.6187912225723267,0.9480922222137451,0.9857578277587891,0.6086527705192566,0.4071062207221985,0.9574375152587891,9.999999747378752e-06
91,1.0509803295135498,0.3354659378528595,0.7155144214630127,0.9782261252403259,0.9100925326347351,0.8680117726325989,0.9914692044258118,0.9928889274597168,0.8323586583137512,0.7179487347602844,0.989170253276825,2.6043169498443604,0.9676887392997742,1.6366275548934937,0.9402602910995483,0.7408722043037415,0.6191574931144714,0.9478939175605774,0.9856277108192444,0.6030483841896057,0.4028937816619873,0.9584587216377258,9.999999747378752e-06
92,1.1056852340698242,0.367801308631897,0.7378842234611511,0.9763346910476685,0.9053571224212646,0.8524590134620667,0.9905667901039124,0.9929941296577454,0.837493896484375,0.7192097306251526,0.9885410070419312,2.5927486419677734,0.9629471302032471,1.6298027038574219,0.9403957724571228,0.7408491373062134,0.6212820410728455,0.9483397006988525,0.9858169555664062,0.6117336750030518,0.40791207551956177,0.9578929543495178,9.999999747378752e-06
93,1.1282963752746582,0.3914462924003601,0.7368503212928772,0.976250410079956,0.9049107432365417,0.8520386815071106,0.9892488718032837,0.9927770495414734,0.8353233933448792,0.7057587504386902,0.9899644255638123,2.6179823875427246,0.9680031538009644,1.649977445602417,0.9406887292861938,0.7445403337478638,0.6194139122962952,0.947638988494873,0.9856945276260376,0.6062187552452087,0.40421244502067566,0.957309365272522,9.999999747378752e-06
94,1.1235495805740356,0.3847237527370453,0.7388258576393127,0.9742750525474548,0.8992317914962769,0.8364859223365784,0.9904063940048218,0.992763340473175,0.8321816325187683,0.7087011337280273,0.9891995191574097,2.6123931407928467,0.9768365621566772,1.6355583667755127,0.940077543258667,0.7399447560310364,0.6179487109184265,0.9470677971839905,0.9856499433517456,0.6041277647018433,0.40315017104148865,0.9581785798072815,9.999999747378752e-06
95,1.1353983879089355,0.38943740725517273,0.7459606528282166,0.9748215079307556,0.8983885645866394,0.8436318039894104,0.9894850254058838,0.9922938942909241,0.8151798844337463,0.6952500939369202,0.9894855618476868,2.60361385345459,0.9650300741195679,1.6385830640792847,0.940198540687561,0.7406790256500244,0.6185348033905029,0.9483211040496826,0.9856637120246887,0.6046626567840576,0.40377289056777954,0.9574817419052124,9.999999747378752e-06
96,1.0687719583511353,0.37723684310913086,0.6915351152420044,0.9766709804534912,0.9042553305625916,0.8575031757354736,0.9891457557678223,0.993120551109314,0.8412310481071472,0.7238335609436035,0.9910373687744141,2.5816845893859863,0.9532893896102905,1.6283961534500122,0.9408239722251892,0.7432875037193298,0.6236263513565063,0.9493913650512695,0.985684871673584,0.6053740382194519,0.4052014648914337,0.958510160446167,9.999999747378752e-06
97,1.0357717275619507,0.36598995327949524,0.6697816848754883,0.9780163764953613,0.9161434769630432,0.8587641716003418,0.9891826510429382,0.9930920004844666,0.8385999202728271,0.7250945568084717,0.9921875596046448,2.634944438934326,0.9768943190574646,1.6580500602722168,0.9395857453346252,0.7363425493240356,0.6166666746139526,0.9470953345298767,0.9857370853424072,0.6080724596977234,0.40560439229011536,0.9570220112800598,9.999999747378752e-06
98,1.1343886852264404,0.41080066561698914,0.7235882878303528,0.9744849801063538,0.8951828479766846,0.8436318039894104,0.9870940446853638,0.99281907081604,0.8315377235412598,0.7137452960014343,0.9892646074295044,2.600001335144043,0.9587244391441345,1.6412744522094727,0.9406821727752686,0.7432752251625061,0.6214652061462402,0.9483048319816589,0.9857145547866821,0.6067809462547302,0.40578755736351013,0.9570937752723694,9.999999747378752e-06
99,1.104479432106018,0.38196128606796265,0.7225179672241211,0.9741067290306091,0.892650306224823,0.8423707485198975,0.9903521537780762,0.9931627511978149,0.8426966071128845,0.7250945568084717,0.9881165027618408,2.6055521965026855,0.961286723613739,1.644267201423645,0.9406593441963196,0.7428883910179138,0.6217948794364929,0.9487475752830505,0.9856314659118652,0.6033725142478943,0.40238094329833984,0.9575566053390503,9.999999747378752e-06
